1000;FE-549;3600048632;Pagado
1000;AAA 1192;3600048633;Pagado
1000;AAA 1191;3600048633;Pagado
1000;AAA 1190;3600048633;Pagado
1000;AAA 1189;3600048633;Pagado
1000;AAA 1193;3600048633;Pagado
1000;FE1282;3600048634;Pagado
1000;EMR-54;3600048635;Pagado
1000;EMR-55;3600048635;Pagado
1000;CRE 451;3600048636;Pagado
1000;CRE 450;3600048636;Pagado
1000;160362445;3600048637;Pagado
1000;10792;3600048638;Pagado
1000;BQ 30154;3600048639;Pagado
1000;MDD-2201;3600048640;Pagado
1000;QCRF 8176877;3600048641;Pagado
1000;QCRF 8177291;3600048641;Pagado
1000;QCRF 8177404;3600048641;Pagado
1000;FBAQ310797;3600048642;Pagado
1000;272643;3600048643;Pagado
1000;EBA 998;3600048644;Pagado
1000;EBA 1010;3600048644;Pagado
1000;EBA 1170;3600048644;Pagado
1000;EBA 1172;3600048644;Pagado
1000;EBA 1174;3600048644;Pagado
1000;EBA 1175;3600048644;Pagado
1000;8979;3600048645;Pagado
1000;8983;3600048645;Pagado
1000;S-18903;3600048646;Pagado
1000;7754;3600048647;Pagado
1000;7763;3600048647;Pagado
1000;SMO1010;3600048648;Pagado
1000;SMO1006;3600048648;Pagado
1000;SMO1014;3600048648;Pagado
1000;SMO1011;3600048648;Pagado
1000;SMO1013;3600048648;Pagado
1000;SMO995;3600048648;Pagado
1000;SMO997;3600048648;Pagado
1000;SMO998;3600048648;Pagado
1000;SMO1000;3600048648;Pagado
1000;SMO999;3600048648;Pagado
1000;SMO1002;3600048648;Pagado
1000;SMO1003;3600048648;Pagado
1000;SMO1004;3600048648;Pagado
1000;SMO1034;3600048648;Pagado
1000;SMO1035;3600048648;Pagado
1000;SMO1036;3600048648;Pagado
1000;SMO1037;3600048648;Pagado
1000;SMO1038;3600048648;Pagado
1000;SMO1039;3600048648;Pagado
1000;SMO1040;3600048648;Pagado
1000;SMO1041;3600048648;Pagado
1000;SMO1042;3600048648;Pagado
1000;SMO1043;3600048648;Pagado
1000;SMO1044;3600048648;Pagado
1000;SMO1045;3600048648;Pagado
1000;SMO1046;3600048648;Pagado
1000;SMO1047;3600048648;Pagado
1000;SMO1048;3600048648;Pagado
1000;SMO1049;3600048648;Pagado
1000;SMO1050;3600048648;Pagado
1000;SMO1051;3600048648;Pagado
1000;SMO1052;3600048648;Pagado
1000;SMO1053;3600048648;Pagado
1000;SMO1054;3600048648;Pagado
1000;SMO1055;3600048648;Pagado
1000;SMO1056;3600048648;Pagado
1000;SMO1063;3600048648;Pagado
1000;SMO1064;3600048648;Pagado
1000;SMO1065;3600048648;Pagado
1000;SMO1066;3600048648;Pagado
1000;SMO1067;3600048648;Pagado
1000;SMO1068;3600048648;Pagado
1000;VCE217467;3600048649;Pagado
1000;ACEP1966;3600048650;Pagado
1000;ACP-870;3600048651;Pagado
1000;BE1374;3600048652;Pagado
1000;FR614458;3600048653;Pagado
1000;FR614477;3600048653;Pagado
1000;BAQ 12010;3600048654;Pagado
1000;FL54;3600048655;Pagado
1000;CT 2020-007;3600048656;Pagado
1000;ELE493;3600048657;Pagado
1000;AN-411349;3600048658;Pagado
1000;AN-412395;3600048658;Pagado
1000;RF-497;3600048659;Pagado
1000;RF-499;3600048659;Pagado
1000;702;3600048660;Pagado
1000;704;3600048660;Pagado
1000;701;3600048660;Pagado
1000;699;3600048660;Pagado
1000;698;3600048660;Pagado
1000;696;3600048660;Pagado
1000;695;3600048660;Pagado
1000;694;3600048660;Pagado
1000;A156701;3600048661;Pagado
1000;1586;3600048662;Pagado
1000;SD 3170;3600048663;Pagado
1000;SP 556;3600048664;Pagado
1000;G 465;3600048665;Pagado
1000;FVE1314;3600048666;Pagado
1000;BA 3863;3600048667;Pagado
1000;20187;3600048668;Pagado
1000;20190;3600048668;Pagado
1000;137;3600048669;Pagado
1000;FE 177;3600048670;Pagado
1000;FE 178;3600048670;Pagado
1000;FE 180;3600048670;Pagado
1000;FE 181;3600048670;Pagado
1000;10454;3600048671;Pagado
1000;10455;3600048671;Pagado
1000;ELPL0000290;3600048672;Pagado
1000;FEN-3;3600048673;Pagado
1000;253;3600048674;Pagado
1000;SOD-1685;3600048675;Pagado
1000;SOD-1681;3600048675;Pagado
1000;SOD-1680;3600048675;Pagado
1000;SOD-1684;3600048675;Pagado
1000;SOD-1689;3600048675;Pagado
1000;SOD-1691;3600048675;Pagado
1000;SOD-1695;3600048675;Pagado
1000;BAR 261;3600048676;Pagado
1000;184288;3600048677;Pagado
1000;182624;3600048677;Pagado
1000;181862;3600048677;Pagado
1000;MFE 213;3600048678;Pagado
1000;MFE 212;3600048678;Pagado
1000;FE464;3600048679;Pagado
1000;OP-423;3600048680;Pagado
1000;GS109;3600048681;Pagado
1000;GS113;3600048681;Pagado
1000;GS114;3600048681;Pagado
1000;GS118;3600048681;Pagado
1000;FE4653;3600048682;Pagado
1000;O-11;3600048683;Pagado
1000;O-12;3600048683;Pagado
1000;BAIS4895393;3600048684;Pagado
1000;BAIS4895379;3600048684;Pagado
1000;CRUR5924;3600048685;Pagado
1000;4100003758;3600048686;Pagado
1000;145455;;
1000;145454;;
1000;145459;;
